{
    "DecisionTree": 85.24904214559386,
    "RandomForest": 86.97318007662835,
    "SVM": 85.82375478927203
}